title,url,published,summary
Trump says he will increase his new global tariffs to 15%,https://www.bbc.com/news/articles/cn8z48xwqn3o?at_medium=RSS&at_campaign=rss,"Sat, 21 Feb 2026 20:50:06 GMT","After most of his tariffs were outlawed on Friday, Trump announced new global tariffs of 10% - which he says he has now increased to 15%."
"Uncertainty for UK firms after US tariff ruling, experts say",https://www.bbc.com/news/articles/cj983wrngyvo?at_medium=RSS&at_campaign=rss,"Fri, 20 Feb 2026 22:29:22 GMT",UK firms are left in limbo after a court overrules many US tariffs but Donald Trump says he will reintroduce them
Trump tariffs ripped up global trade order. What now?,https://www.bbc.com/news/articles/cvgvn810njpo?at_medium=RSS&at_campaign=rss,"Fri, 20 Feb 2026 16:25:34 GMT",If you think the Supreme Court ruling heralds a return to pre-Trump business as usual - think again.
MPs to discuss inquiry into trade envoy role after Andrew arrest,https://www.bbc.com/news/articles/cqxde59d3gwo?at_medium=RSS&at_campaign=rss,"Sat, 21 Feb 2026 15:45:10 GMT",A cross-party committee will also look into the appointment and accountability of UK trade envoys.
"KFC, Nando's, and others ditch chicken welfare pledge",https://www.bbc.com/news/articles/cm2r6jqm042o?at_medium=RSS&at_campaign=rss,"Fri, 20 Feb 2026 16:17:53 GMT","Wingstop, Burger King, and others have walked away from an industry commitment to avoid using fast-growing chickens"
How do you modernise mango farming?,https://www.bbc.com/news/articles/c86yl809ld6o?at_medium=RSS&at_campaign=rss,"Fri, 20 Feb 2026 00:05:20 GMT","India's mango farmers are being urged to innovate as climate change makes cultivation ""unpredictable""."
Higher tax helped UK government reach record January surplus,https://www.bbc.com/news/articles/c93w4egd3gzo?at_medium=RSS&at_campaign=rss,"Fri, 20 Feb 2026 12:13:35 GMT","The government took in more from tax receipts than expected, official data suggests."
Lobbying firm co-founded by Mandelson goes into administration,https://www.bbc.com/news/articles/cjd9zx7zne2o?at_medium=RSS&at_campaign=rss,"Fri, 20 Feb 2026 13:25:43 GMT",Global Counsel's clients cut ties with the firm over Lord Mandelson's links with sex offender Jeffrey Epstein.
UK agrees drone defence plan with four EU allies,https://www.bbc.com/news/articles/c875jj3y475o?at_medium=RSS&at_campaign=rss,"Fri, 20 Feb 2026 17:35:35 GMT",The scheme will seek to take inspiration from Ukraine's drone manufacturing programme.
Asos co-founder dies after Thailand apartment block fall,https://www.bbc.com/news/articles/ce8w0n061ryo?at_medium=RSS&at_campaign=rss,"Fri, 20 Feb 2026 14:35:49 GMT",Quentin Griffiths co-founded Asos in 2000 and remained a significant shareholder after leaving the firm five years later.
New Year's sport supplement buying adds to January retail sales surge,https://www.bbc.com/news/articles/c78x7jwjg4no?at_medium=RSS&at_campaign=rss,"Fri, 20 Feb 2026 12:30:41 GMT",Continuing strong sales from online jewellers after a recent spike in gold prices also helped drive the increase.
US economy slows in final months after turbulent year,https://www.bbc.com/news/articles/c0rj5lly78xo?at_medium=RSS&at_campaign=rss,"Fri, 20 Feb 2026 14:58:20 GMT","Overall the economy grew 2.2% last year, holding up despite pressures from changes to tariff and immigration policy."
"Epstein eyed record label investment to access women, files suggest",https://www.bbc.com/news/articles/czx41k51595o?at_medium=RSS&at_campaign=rss,"Fri, 20 Feb 2026 01:07:40 GMT","His associate said the music industry was ""related to P"", a way Epstein apparently often referred to women."
"Starmer 'appeasing' big tech firms, says online safety campaigner",https://www.bbc.com/news/articles/cdr2gm4y4ygo?at_medium=RSS&at_campaign=rss,"Fri, 20 Feb 2026 06:03:06 GMT","Baroness Kidron tells the BBC the PM has being ""late to the party"" in regulating social media."
Live Nation sees strong ticket sales as monopoly lawsuit looms,https://www.bbc.com/news/articles/cgqgvxz27z7o?at_medium=RSS&at_campaign=rss,"Fri, 20 Feb 2026 01:09:51 GMT",The entertainment giant's revenue surged last year as 159 million fans attended its concerts.
Nasa boss says Boeing Starliner failure one of worst in its history,https://www.bbc.com/news/articles/cm2x3nlxg9jo?at_medium=RSS&at_campaign=rss,"Fri, 20 Feb 2026 01:44:48 GMT",The agency released a critical report that puts the Starliner incident at same mistake level assigned to the fatal Columbia and Challenger shuttle disasters.
The Chinese AI app sending Hollywood into a panic,https://www.bbc.com/news/articles/ckg1dl410q9o?at_medium=RSS&at_campaign=rss,"Thu, 19 Feb 2026 23:08:29 GMT",Clips of Deadpool and other film characters have sparked alarm within Hollywood over copyright infringement.
US and Indonesia finalise deal to cut tariffs to 19%,https://www.bbc.com/news/articles/cgk2d7yxm2zo?at_medium=RSS&at_campaign=rss,"Fri, 20 Feb 2026 03:05:32 GMT",Washington will set a 19% tariff on most Indonesian goods in exchange for lower trade barriers for US goods
US trade deficit hits fresh high despite Trump's tariffs,https://www.bbc.com/news/articles/c4ge4yxwnlno?at_medium=RSS&at_campaign=rss,"Thu, 19 Feb 2026 17:19:16 GMT",The US bought more goods than it sold in 2025 as the White House attempts to reverse the flow.
Warmer weather hits profits at British Gas owner,https://www.bbc.com/news/articles/cz7g9ge2lr2o?at_medium=RSS&at_campaign=rss,"Thu, 19 Feb 2026 10:52:16 GMT",Savvy bill payers shopping around for fixed-tariff energy deals also dented earnings at British Gas.
Why there's no quick fix in sight for the problem of dazzling headlights,https://www.bbc.com/news/articles/cn71xyjpdl2o?at_medium=RSS&at_campaign=rss,"Thu, 19 Feb 2026 09:43:37 GMT",Road users say headlight glare is an issue - but experts warn a solution might not be straightforward.
Microsoft error sees confidential emails exposed to AI tool Copilot,https://www.bbc.com/news/articles/c8jxevd8mdyo?at_medium=RSS&at_campaign=rss,"Thu, 19 Feb 2026 18:16:43 GMT","The company says it has addressed the issue and it ""did not provide anyone access to information they weren't already authorised to see""."
Etsy sells second-hand fashion app Depop to eBay for $1.2bn,https://www.bbc.com/news/articles/cx240kme2k8o?at_medium=RSS&at_campaign=rss,"Thu, 19 Feb 2026 11:07:24 GMT","The ""pre-loved"" fashion firm has been sold by Etsy just five years after it bought the firm."
"Reeves fixated on 'dysfunctional' borrowing rules, says IFS",https://www.bbc.com/news/articles/c1kg48m937wo?at_medium=RSS&at_campaign=rss,"Thu, 19 Feb 2026 03:09:38 GMT",The think tank suggests the chancellor's fiscal rules need to shift the focus from one key figure.
'We're still on edge': Toy firms look to US Supreme Court as tariffs hit profits,https://www.bbc.com/news/articles/c87515x9p0zo?at_medium=RSS&at_campaign=rss,"Thu, 19 Feb 2026 06:08:18 GMT","""You cannot go to sleep on this president,"" says one toymaker, of the ongoing uncertainty over trade policy."
Zuckerberg defends Meta in landmark social media addiction trial,https://www.bbc.com/news/articles/c5y42znjnjvo?at_medium=RSS&at_campaign=rss,"Thu, 19 Feb 2026 03:29:12 GMT","The billionaire boss said he ""always"" regretted not making faster progress to identify users under 13."
Tech firms will have 48 hours to remove abusive images under new law,https://www.bbc.com/news/articles/cz6ed1549yvo?at_medium=RSS&at_campaign=rss,"Thu, 19 Feb 2026 00:55:16 GMT",The government is proposing that intimate image abuse should be treated more severely.
The two farms in Senegal that supply many of the UK's vegetables,https://www.bbc.com/news/articles/cwy6171wvppo?at_medium=RSS&at_campaign=rss,"Thu, 19 Feb 2026 00:16:54 GMT",During winter in Britain fresh produce is sent by cargo ship from the West African nation every week.
Reddit's human content wins amid the AI flood,https://www.bbc.com/news/articles/c5y4zl0w062o?at_medium=RSS&at_campaign=rss,"Tue, 17 Feb 2026 00:03:10 GMT",Reddit says its human contributors are valued amid an internet awash with AI-generated content.
Trump eyes Venezuela visit – but obstacles to his oil plan remain,https://www.bbc.com/news/articles/c4gjx1j1nkjo?at_medium=RSS&at_campaign=rss,"Mon, 16 Feb 2026 09:50:58 GMT",The US president wants American energy firms to start extracting the crude but they are reluctant.
Get a grip: Robotics firms struggle to develop hands,https://www.bbc.com/news/articles/cg7y45kxvp9o?at_medium=RSS&at_campaign=rss,"Fri, 13 Feb 2026 00:04:16 GMT",Developing a durable and affordable hand is one of the biggest challenges in robotics.
Who is billionaire Sir Jim Ratcliffe and how did he make his money?,https://www.bbc.com/news/articles/c8xyp9xjxr4o?at_medium=RSS&at_campaign=rss,"Thu, 12 Feb 2026 14:11:55 GMT",The industrialist and Manchester United co-owner has apologised over comments he made about immigration.
The US economy is growing - so where are all the jobs?,https://www.bbc.com/news/articles/c3ewje4xk3yo?at_medium=RSS&at_campaign=rss,"Fri, 13 Feb 2026 00:05:12 GMT","As hiring rates and job openings drop, some worry a tough job market could be here to stay."
"The Dutch love four-day working weeks, but are they sustainable?",https://www.bbc.com/news/articles/cx2y85xdyw3o?at_medium=RSS&at_campaign=rss,"Thu, 12 Feb 2026 00:00:05 GMT","The Netherlands has the lowest working hours in Europe, but some say it is harming its economy."
"Why food fraud persists, even with improving tech",https://www.bbc.com/news/articles/c2e102vw1z2o?at_medium=RSS&at_campaign=rss,"Tue, 10 Feb 2026 00:03:12 GMT",Even with sophisticated technology it is still difficult to detect fake foods.
Netflix and Paramount are battling for Warner Bros. Who is likely to win?,https://www.bbc.com/news/articles/cm21z4zgkx7o?at_medium=RSS&at_campaign=rss,"Tue, 17 Feb 2026 15:05:57 GMT",What to know about the two firms' blockbuster battle to control Warner Bros Discovery.
How £50m 'fish disco' could save farmland,https://www.bbc.com/news/articles/c4ged1g5wxwo?at_medium=RSS&at_campaign=rss,"Tue, 10 Feb 2026 06:25:21 GMT",Innovative tech scares fish away from nuclear cooling pipes.
Plane makers chase Asia's super-rich with luxe new private jets,https://www.bbc.com/news/articles/cm24j1dpexvo?at_medium=RSS&at_campaign=rss,"Sun, 08 Feb 2026 23:01:52 GMT",Parts of the aviation industry are shifting towards wealthy customers and selling a more luxurious type of international travel.
Rare-breed horse centre cuts back amid cost woes,https://www.bbc.com/news/articles/c3635485603o?at_medium=RSS&at_campaign=rss,"Sat, 21 Feb 2026 09:37:41 GMT",The stud continues but a visitor centre and cafe closes as the rare-breed centre takes stock.
Higher tax helped UK government reach record January surplus,https://www.bbc.com/news/articles/c93w4egd3gzo?at_medium=RSS&at_campaign=rss,"Fri, 20 Feb 2026 12:13:35 GMT","The government took in more from tax receipts than expected, official data suggests."
Closing factory workers paid to help at food bank,https://www.bbc.com/news/articles/c4ge48zxjy1o?at_medium=RSS&at_campaign=rss,"Fri, 20 Feb 2026 06:25:50 GMT",Dutch coffee-making giant Jacobs Douwe Egberts (JDE) will close its plant in Banbury this year.
Warmer weather hits profits at British Gas owner,https://www.bbc.com/news/articles/cz7g9ge2lr2o?at_medium=RSS&at_campaign=rss,"Thu, 19 Feb 2026 10:52:16 GMT",Savvy bill payers shopping around for fixed-tariff energy deals also dented earnings at British Gas.
Are UK interest rates expected to fall soon?,https://www.bbc.com/news/articles/c3dky111m40o?at_medium=RSS&at_campaign=rss,"Wed, 18 Feb 2026 11:50:32 GMT","The interest rate set by the Bank of England affects mortgage, loan and savings rates for millions."
The real impact of roadworks on the country - and why they're set to get worse,https://www.bbc.com/news/articles/c23e3d1r17go?at_medium=RSS&at_campaign=rss,"Sun, 11 Jan 2026 01:26:18 GMT","There is a fine balance between the benefits of improved infrastructure, versus the cost of disruption. Does the country have it right?"
Why the railways often seem to be in such chaos over Christmas,https://www.bbc.com/news/articles/czdg795m5epo?at_medium=RSS&at_campaign=rss,"Mon, 22 Dec 2025 00:03:12 GMT",Parts of Britain’s rail network will close for engineering work over the festive period - but is that the right time to do it?
Budget 2025: What's the best and worst that could happen for Labour?,https://www.bbc.com/news/articles/cqlk5gd3kv9o?at_medium=RSS&at_campaign=rss,"Sat, 29 Nov 2025 15:14:47 GMT","Three days in, after a tax U-turn and partial climbdown on workers' rights, Laura Kuenssberg looks at what impact Budget week might have."
Has Britain's budget watchdog become too all-powerful?,https://www.bbc.com/news/articles/clyx9n5p7v7o?at_medium=RSS&at_campaign=rss,"Tue, 25 Nov 2025 00:00:03 GMT","Ahead of this week's Budget, some have accused the Office for Budget Responsibility of being a ""straitjacket on growth"""
The curious case of why Poundland is struggling during a cost-of-living crisis,https://www.bbc.com/news/articles/c4gkgxeeyzno?at_medium=RSS&at_campaign=rss,"Fri, 21 Nov 2025 08:03:37 GMT",Why - in an age where so many of us are feeling the financial pinch - are some budget shops on UK high streets having such a tough time?
When the retail staff can't help you,https://www.bbc.com/news/videos/c93w42zx66do?at_medium=RSS&at_campaign=rss,"Fri, 20 Feb 2026 12:53:24 GMT","This customer might be feeling trolled, in this scene from Small Prophets."
Why youth unemployment is rising,https://www.bbc.com/news/videos/c5yqx9wg9ego?at_medium=RSS&at_campaign=rss,"Tue, 17 Feb 2026 19:47:56 GMT",Unemployment in the UK rose to its highest rate in nearly five years at the end of 2025
File on 4 Investigates,https://www.bbc.co.uk/sounds/play/m002rdr6?at_medium=RSS&at_campaign=rss,"Tue, 17 Feb 2026 06:00:00 GMT",Can boxing do more to look after its fighters?
Why you should consider switching bank accounts,https://www.bbc.com/news/videos/cm2rl5gpl1lo?at_medium=RSS&at_campaign=rss,"Fri, 13 Feb 2026 15:49:11 GMT",Martin Lewis explains why now might be a good time to think about changing your bank account.
